编号,维度,类型,档位 / 排序,条件,中文,English,语气要改吗(留空 = 不用改),改成 / 意见
goal.root_cause.low,定目标,根因,low,low(该维 < 2.0),你的增长目标还停留在「多赚一点」这种模糊状态。没有具体数字，团队就没有共同方向，每个人凭感觉做事，努力互相抵消。,,,
goal.root_cause.mid,定目标,根因,mid,mid(2.0–3.5),你有方向，但没算到底。目标停在营收层，没往下拆到「每月要多少条询盘、成交率多少、能花多少钱获客」——所以你无法判断这个月的投入是多了还是少了。,,,
goal.root_cause.high,定目标,根因,high,high(> 3.5),目标体系已经成形，剩下的是让它活起来：公开、定期对、按实际数据调整。,,,
goal_01,定目标,行动,排序 1,该维 < 3 时可选;难度 中 / 影响 高;对应题 G1,用利润而不是营收给客户类型排序，列出前两类，接下来三个月只主动接这两类,Rank customer types by profit rather than revenue; list the top two and only pursue those for the next three months,,
goal_02,定目标,行动,排序 2,该维 < 3.5 时可选;难度 低 / 影响 高;对应题 G3,把今年营收目标倒推成月度询盘量：营收 ÷ 客单价 ÷ 成交率 = 每月需要的询盘数,Reverse-engineer the annual revenue target into monthly enquiries: revenue ÷ deal value ÷ close rate,,
goal_03,定目标,行动,排序 3,该维 < 3 时可选;难度 低 / 影响 高;对应题 G3,算出获客成本上限：客单价 × 毛利率 × 30% = 一条成交最多能花多少钱。超过这个数的渠道立刻停,Calculate your max acquisition cost: deal value × margin × 30%. Cut any channel that exceeds it,,
goal_04,定目标,行动,排序 4,该维 < 4 时可选;难度 中 / 影响 中;对应题 G2,写一句差异化定位，标准是同行说不出口，然后让三个老客户复述给你听——他们复述不出来就是还没成立,"Write one differentiator competitors can't claim, then ask three existing customers to repeat it back. If they can't, it isn't real yet",,
goal_05,定目标,行动,排序 5,该维 < 4 时可选;难度 低 / 影响 中;对应题 无,把目标数字放在团队每天看得见的地方，每周固定十五分钟对一次实际值,Put the target numbers where the team sees them daily; spend fifteen minutes a week comparing against actuals,,
traffic.root_cause.low,造流量,根因,low,low(该维 < 2.0),内容是想起来才发的，所以流量也是想起来才有。没有稳定的内容产出，就不会有稳定的询盘——这一环断了，后面四环再强也没有原料。,,,
traffic.root_cause.mid,造流量,根因,mid,mid(2.0–3.5),你在发内容，但产能卡住了。一条视频花好几天，意味着一个月只能试三五个角度——试错次数太少，你永远不知道哪个角度真的有效。,,,
traffic.root_cause.high,造流量,根因,high,high(> 3.5),产能已经不是问题，接下来是把跑得动的那几条放大：加投放、做矩阵、把公域流量沉淀成私域名单。,,,
traffic_01,造流量,行动,排序 1,该维 < 3 时可选;难度 低 / 影响 高;对应题 T1,建一个 Hook 库：把过去三个月表现最好的十条开头抄下来，以后所有内容开头都从这十条改,Build a hook library: copy the ten best-performing openings from the last three months and adapt all future content from them,,
traffic_02,造流量,行动,排序 2,该维 < 3.5 时可选;难度 中 / 影响 高;对应题 T2,用 AI 把出片流程标准化，目标是一天十条而不是一周三条——试错次数才是内容的胜负手,"Standardise production with AI: aim for ten pieces a day, not three a week. Iteration count is what wins at content",,
traffic_03,造流量,行动,排序 3,该维 < 3 时可选;难度 中 / 影响 高;对应题 T1,按客户认知阶段 × 平台排一张内容矩阵表，每格至少一条，避免所有内容都在讲同一件事,"Map a content matrix by awareness stage × platform with at least one piece per cell, so you stop saying the same thing everywhere",,
traffic_04,造流量,行动,排序 4,该维 < 3.5 时可选;难度 低 / 影响 中;对应题 C1,所有内容的落点统一指向一个入口，不要有的引私信、有的引官网——分散的入口等于没有入口,Point every piece of content at one entry point. Scattered CTAs are the same as no CTA,,
traffic_05,造流量,行动,排序 5,该维 < 4 时可选;难度 中 / 影响 高;对应题 T3,挑出自然流量表现最好的三条，用小预算投放测试，ROI 跑正的那条才放大,"Take your three best organic pieces, test them with a small paid budget, and scale only the one that returns positive",,
capture.root_cause.low,接客户,根因,low,low(该维 < 2.0),你在漏询盘，而且漏得看不见。客户问了没人回、回了没记录、记录了找不回——每一环都在流失，但没有任何一环会报警。这是五环里最贵的漏洞，因为流失的是已经花钱买来的人。,,,
capture.root_cause.mid,接客户,根因,mid,mid(2.0–3.5),你能接住客户，但接住之后就断了。没有统一入口和标签体系，三个月后想找回一个咨询过的人，只能翻聊天记录。,,,
capture.root_cause.high,接客户,根因,high,high(> 3.5),入口和存储都在，接下来是让 AI 承担第一轮对话，把人力留给真正有意向的那部分。,,,
capture_01,接客户,行动,排序 1,该维 < 3.5 时可选;难度 中 / 影响 高;对应题 C2,上 AI 自动对话，先做到十分钟内必有回应——响应速度是转化率最便宜的杠杆，不用改产品不用降价,Deploy AI conversation to guarantee a reply within ten minutes. Response speed is the cheapest lever on conversion,,
capture_02,接客户,行动,排序 2,该维 < 3 时可选;难度 低 / 影响 高;对应题 C3,所有询盘统一入 CRM，最少三个字段：来源、产品意向、跟进状态。没入库的询盘等于没来过,"Route every enquiry into a CRM with at least three fields: source, product interest, follow-up status",,
capture_03,接客户,行动,排序 3,该维 < 3 时可选;难度 中 / 影响 高;对应题 C1,做一个 Lead Magnet（测评 / 清单 / 报告），给感兴趣的人一个比「私信问一句」门槛更低的动作,"Build a lead magnet (quiz, checklist, or report) that gives interested people a lower-friction first step than sending a DM",,
capture_04,接客户,行动,排序 4,该维 < 3.5 时可选;难度 低 / 影响 中;对应题 C3,给每个投放渠道加 UTM，让「这个客户从哪来」变成可查的事实而不是印象,"Add UTM tags to every channel so ""where did this customer come from"" becomes a fact you can query",,
capture_05,接客户,行动,排序 5,该维 < 4 时可选;难度 中 / 影响 中;对应题 C3,建标签体系：按意向度、产品线、阶段打标，为后面的自动培育留接口,"Set up a tagging scheme by intent, product line, and stage — it's the hook automated nurture will need later",,
convert.root_cause.low,促成交,根因,low,low(该维 < 2.0),成交完全靠个人发挥。每一单谈法都不一样，所以好的经验留不下来，新人上手要从零开始，而你自己变成了唯一的成交瓶颈。,,,
convert.root_cause.mid,促成交,根因,mid,mid(2.0–3.5),你有流程，但客户在「再考虑一下」那一步大量流失——因为你在讲产品有多好，而不是在讲不解决这个问题的代价。前者是你的事，后者才是他的事。,,,
convert.root_cause.high,促成交,根因,high,high(> 3.5),成交路径已经稳定，剩下的是把异议处理和价值叠加也标准化，让成交率不依赖具体是谁在谈。,,,
convert_01,促成交,行动,排序 1,该维 < 3 时可选;难度 中 / 影响 高;对应题 V1,写一份「不解决的代价」内容：把客户拖着不做的损失换算成具体数字，在报价之前就发给他,"Write a cost-of-inaction piece that converts their delay into a concrete number, and send it before you quote",,
convert_02,促成交,行动,排序 2,该维 < 3.5 时可选;难度 中 / 影响 高;对应题 V2,整理一套选择标准教客户怎么挑供应商，标准按你的强项设计——他拿去比价反而更信你,"Publish buying criteria that teach customers how to choose, designed around your strengths. Comparison shopping then works in your favour",,
convert_03,促成交,行动,排序 3,该维 < 3 时可选;难度 中 / 影响 高;对应题 V3,把成交路径写成固定步骤：咨询 → 诊断 → 方案 → 报价 → 跟进，每一步的目标和话术都写死,"Fix the close path into steps — enquiry, diagnosis, proposal, quote, follow-up — with a defined goal and script for each",,
convert_04,促成交,行动,排序 4,该维 < 3.5 时可选;难度 低 / 影响 高;对应题 V3,收集过去六个月最常听到的五个异议，各写一段标准回应，做成话术库,Collect the five objections you heard most in the last six months and write a standard response for each,,
convert_05,促成交,行动,排序 5,该维 < 4 时可选;难度 低 / 影响 中;对应题 无,分渠道分产品记录成交率——不知道成交率，就无法判断问题出在流量还是成交,Track close rate by channel and product. Without it you can't tell whether the problem is traffic or closing,,
value.root_cause.low,增价值,根因,low,low(该维 < 2.0),你的生意是一次性的。交付完就结束，每个月都要从零开始找新客——而新客成本是老客的五到十倍。这一环不补，前面四环再强也只是在填一个漏底的桶。,,,
value.root_cause.mid,增价值,根因,mid,mid(2.0–3.5),你有复购意识，但靠人力驱动。想起来才联系，忙起来就断了，所以老客贡献始终上不去。,,,
value.root_cause.high,增价值,根因,high,high(> 3.5),复购机制已经在跑，接下来是设计价值阶梯和转介绍，让老客不只是回购，还带人来。,,,
value_01,增价值,行动,排序 1,该维 < 3.5 时可选;难度 中 / 影响 高;对应题 M2,建自动培育序列：交付后第 7 天、第 30 天、到期前 14 天各一次自动触达，不依赖你记得,"Build an automated nurture sequence: day 7, day 30, and 14 days before renewal — none of it depending on you remembering",,
value_02,增价值,行动,排序 2,该维 < 3 时可选;难度 低 / 影响 高;对应题 M3,在交付完成那一刻要评价——那是客户满意度最高的时刻，过了这个点就难要了,Ask for the review the moment delivery completes. That's peak satisfaction; ask later and you won't get it,,
value_03,增价值,行动,排序 3,该维 < 3 时可选;难度 中 / 影响 高;对应题 M3,设计转介绍机制，给推荐人明确的好处——不要指望客户主动帮你介绍,Design a referral mechanism with a concrete benefit for the referrer. Don't rely on goodwill alone,,
value_04,增价值,行动,排序 4,该维 < 3.5 时可选;难度 中 / 影响 高;对应题 M1,设计一个低门槛前端产品，把新客第一次成交的决策成本降到最低,Create a low-friction front-end offer that minimises the decision cost of a first purchase,,
value_05,增价值,行动,排序 5,该维 < 4 时可选;难度 高 / 影响 高;对应题 M1,梳理完整 Value Ladder：低门槛前端 → 主产品 → 高价后端，每一层都有明确的升级理由,"Map a full value ladder — front-end, core, premium — with an explicit reason to move up at each step",,
